{
    "width": 1920,
    "height": 1080,
    "fx": 600.5692489793684,
    "fy": 600.7748579082146,
    "cx0": 963.4330075895517,
    "cx1": 960.0279976184501,
    "cy": 548.9607476422767,
    "baseline_meters": 59.30455941688447,
    "depth_range": [
        0.5,
        5
    ]
}